CREATE Database ema;

USE ema;

CREATE TABLE CGenero (
  id_gen INT NOT NULL AUTO_INCREMENT,
  tipo_gen VARCHAR(45) NOT NULL,
  valida_gen BIT NOT NULL DEFAULT 1,
  PRIMARY KEY (id_gen)
);

CREATE TABLE CInteligencia (
  id_int INT NOT NULL AUTO_INCREMENT,
  tipo_int VARCHAR(30) NOT NULL,
  valida_int BIT NOT NULL DEFAULT 1,
  PRIMARY KEY (id_int)
);

CREATE TABLE CParcial (
  id_par INT NOT NULL AUTO_INCREMENT,
  nombre_par VARCHAR(30) NOT NULL,
  valida_par BIT NOT NULL DEFAULT 1,
  PRIMARY KEY (id_par)
);

CREATE TABLE CRol (
  id_rol INT NOT NULL AUTO_INCREMENT,
  tipo_rol VARCHAR(20) NOT NULL,
  valida_rol BIT NOT NULL DEFAULT 1,
  PRIMARY KEY (id_rol)
);

CREATE TABLE CSemestre (
  id_sem INT NOT NULL AUTO_INCREMENT,
  tipo_sem VARCHAR(20) NOT NULL,
  valida_sem BIT NOT NULL DEFAULT 1,
  PRIMARY KEY (id_sem)
);

CREATE TABLE CEspecialidad (
  id_es INT NOT NULL AUTO_INCREMENT,
  nombre_es VARCHAR(45) NOT NULL,
  valida_es BIT NOT NULL DEFAULT 1,
  PRIMARY KEY (id_es)
);

CREATE TABLE ESemEsp(
	id_semesp INT NOT NULL AUTO_INCREMENT,
  id_sem INT NOT NULL,
  id_es INT NOT NULL,
  valida_semesp BIT NOT NULL DEFAULT 1,
  PRIMARY KEY (id_semesp),
  FOREIGN KEY (id_sem) REFERENCES CSemestre (id_sem),
  FOREIGN KEY (id_es) REFERENCES CEspecialidad (id_es)
);

CREATE TABLE CUaprendizaje (
  id_ua INT NOT NULL AUTO_INCREMENT,
  nombre_ua VARCHAR(60) NOT NULL,
  id_semesp INT NOT NULL,
  valida_ua BIT NOT NULL DEFAULT 1,
  PRIMARY KEY (id_ua),
  FOREIGN KEY (id_semesp) REFERENCES ESemEsp (id_semesp)
);

CREATE TABLE MCicloescolar (
  id_cicloesc INT NOT NULL AUTO_INCREMENT,
  id_ae INT NOT NULL,
  id_tc INT NOT NULL,
  valida_cicloesc BIT NOT NULL DEFAULT 1,
  PRIMARY KEY (id_cicloesc)
);

CREATE TABLE MPersona (
  id_per INT NOT NULL AUTO_INCREMENT,
  nombre_per VARCHAR(45) NOT NULL,
  appat_per VARCHAR(45) NOT NULL,
  apmat_per VARCHAR(45) NOT NULL,
  fecha_de_nacimiento_per DATE NOT NULL,
  id_gen INT NOT NULL,
  id_int INT NOT NULL,
  valida_per BIT NOT NULL DEFAULT 1,
  PRIMARY KEY (id_per),
  FOREIGN KEY (id_gen) REFERENCES CGenero (id_gen),
  FOREIGN KEY (id_int) REFERENCES CInteligencia (id_int)
);

CREATE TABLE DUser (
  correo_user VARCHAR(45) NOT NULL,
  password_user VARCHAR(100) NOT NULL,
  id_rol INT NOT NULL,
  id_per INT NOT NULL,
  valida_user BIT NOT NULL DEFAULT 1,
  PRIMARY KEY (correo_user),
  FOREIGN KEY (id_per) REFERENCES MPersona (id_per),
  FOREIGN KEY (id_rol) REFERENCES CRol (id_rol)
);

CREATE TABLE MAdmin (
  num_empleado INT NOT NULL AUTO_INCREMENT,
  correo_user VARCHAR(45) NOT NULL,
  valida_adm BIT NOT NULL DEFAULT 1,
  PRIMARY KEY (num_empleado),
  FOREIGN KEY (correo_user) REFERENCES DUser (correo_user)
);

CREATE TABLE MEstudiante (
  boleta_est VARCHAR(10) NOT NULL,
  correo_user VARCHAR(45) NOT NULL,
  id_es INT NOT NULL,
  id_sem INT NOT NULL,
  valida_est BIT NOT NULL DEFAULT 1,
  PRIMARY KEY (boleta_est),
  FOREIGN KEY (correo_user) REFERENCES DUser (correo_user),
  FOREIGN KEY (id_es) REFERENCES CEspecialidad (id_es),
  FOREIGN KEY (id_sem) REFERENCES CSemestre (id_sem)
);

CREATE TABLE DAsistente (
  id_asis INT NOT NULL AUTO_INCREMENT,
  id_cicloesc INT NOT NULL,
  correo_user VARCHAR(45) NOT NULL,
  valida_asis BIT NOT NULL DEFAULT 1,
  PRIMARY KEY (id_asis),
  FOREIGN KEY (id_cicloesc) REFERENCES MCicloescolar (id_cicloesc),
  FOREIGN KEY (correo_user) REFERENCES DUser (correo_user)
);

CREATE TABLE CTema (
  id_tem INT NOT NULL AUTO_INCREMENT,
  nombre_tem VARCHAR(150) NOT NULL,
  id_par INT NOT NULL,
  id_ua INT NOT NULL,
  valida_tem BIT NOT NULL DEFAULT 1,
  PRIMARY KEY (id_tem),
  FOREIGN KEY (id_par) REFERENCES CParcial (id_par),
  FOREIGN KEY (id_ua) REFERENCES CUaprendizaje (id_ua)
);

CREATE TABLE CSubtema (
  id_sub INT NOT NULL AUTO_INCREMENT,
  nombre_sub VARCHAR(150) NOT NULL,
  id_tem INT NOT NULL,
  valida_sub BIT NOT NULL DEFAULT 1,
  PRIMARY KEY (id_sub),
  FOREIGN KEY (id_tem) REFERENCES CTema (id_tem)
);

CREATE TABLE MTarea (
  id_tarea INT NOT NULL AUTO_INCREMENT,
  nombre_tarea VARCHAR(50) NOT NULL,
  cal_tarea INT NOT NULL,
  id_sub INT NOT NULL,
  id_asis INT NOT NULL,
  valida_tarea BIT NOT NULL DEFAULT 1,
  PRIMARY KEY (id_tarea),
  FOREIGN KEY (id_sub) REFERENCES CSubtema (id_sub),
  FOREIGN KEY (id_asis) REFERENCES DAsistente (id_asis)
);

CREATE TABLE MMaterial (
  id_mat INT NOT NULL AUTO_INCREMENT,
  url_mat VARCHAR(256) NOT NULL,
  id_sub INT NOT NULL,
  valida_mat BIT NOT NULL DEFAULT 1,
  PRIMARY KEY (id_mat),
  FOREIGN KEY (id_sub) REFERENCES CSubtema (id_sub)
);

INSERT INTO
  CGenero
values
  (1, 'Masculino', 1),
  (2, 'Femenino', 1),
  (3, 'Prefiero no decirlo', 1);

INSERT INTO
  CInteligencia
values
  (1, 'Visual', 1),
  (2, 'Auditivo', 1),
  (3, 'Kinéstesico', 1),
  (4, 'Leer y Escribir', 1);

INSERT INTO
  CRol
values
  (1, 'Administrador', 1),
  (2, 'Estudiante', 1);

INSERT INTO
  CSemestre
values
  (1, 'Primero', 1),
  (2, 'Segundo', 1),
  (3, 'Tercero', 1),
  (4, 'Cuarto', 1),
  (5, 'Quinto', 1),
  (6, 'Sexto', 1);

INSERT INTO
  CEspecialidad
values
  (1, 'Tronco común', 1),
  (2, 'Programación', 1),
  (3, 'Sistemas Digitales', 1),
  (4, 'Máquinas con Sistemas Automatizados', 1),
  (5, 'Mecatrónica', 1);

INSERT INTO
	ESemEsp
values
	(1, 1, 1, 1),
  (2, 2, 1, 1),
  (3, 3, 1, 1),
  (4, 4, 1, 1),
  (5, 5, 1, 1),
  (6, 6, 1, 1),
  (7, 3, 2, 1),
  (8, 3, 3, 1),
  (9, 3, 4, 1),
  (10, 3, 5, 1),
  (11, 4, 2, 1),
  (12, 4, 3, 1),
  (13, 4, 4, 1),
  (14, 4, 5, 1),
  (15, 5, 2, 1),
  (16, 5, 3, 1),
  (17, 5, 4, 1),
  (18, 5, 5, 1),
  (19, 6, 2, 1),
  (20, 6, 3, 1),
  (21, 6, 4, 1),
  (22, 6, 5, 1);

INSERT INTO
  CUAprendizaje
values
  (1, 'Cálculo Diferencial', 4, 1),
  (2, 'Física II', 4, 1),
  (3, 'Química II', 4, 1),
  (4, 'Dibujo Técnico II', 4, 1),
  (5, 'Inglés IV', 4, 1),
  (6, 'Programación y Servicios Web', 11, 1),
  (7, 'Lab. de Proy. de Tecnologías de la Infor. II', 11, 1),
  (8, 'Bases de Datos', 11, 1),
  (9, 'Técnicas de Programación Personal con Calidad', 11, 1),
  (10, 'Calculo Integral', 5, 1),
  (11, 'Física III', 5, 1),
  (12, 'Química III', 15, 1),
  (13, 'Orientación Juvenil y Profesional III', 5, 1),
  (14, 'Inglés V', 5, 1),
  (15, 'Seguridad Web y Aplicaciones', 15, 1),
  (16, 'Lab. de Proy. de Tecnologías de la Infor. III', 15, 1),
  (17, 'Introducción a la Ingeniería de Pruebas', 15, 1),
  (18, 'Introducción a los Sistemas Distribuidos', 15, 1),
  (19, 'Automatización de Pruebas', 15, 1);


INSERT INTO
  CParcial
values
  (1, 'Primero', 1),
  (2, 'Segundo', 1),
  (3, 'Tercero', 1);

INSERT INTO
  CTema
values
  (1, 'Funciones', 1, 1, 1),
  (2, 'Límites', 1, 1, 1),
  (3, 'Continuidad', 2, 1, 1),
  (4, 'Problemas referentes a la derivada de funciones algebraicas', 2, 1, 1),
  (5, 'Problemas referente a la derivada de funciones trascendentes y el uso diferencial', 3, 1, 1),
  (6, 'Leyes y principios de la dinámica', 1, 2, 1),
  (7,'Problemas de la mecánica y la aplicación de sus principios en sólidos', 2, 2, 1),
  (8, 'Leyes de la termodinámica en situaciones de fenómenos tecnológicos y sociales', 3, 2, 1),
  (9, 'Balanceo de ecuaciones químicas', 1, 3, 1),
  (10, 'Estequiometría', 1, 3, 1),
  (11, 'Estructura de compuestos orgánicos', 2, 3, 1),
  (12, 'Nomenclatura y aplicación de compuestos orgánicos', 3, 3, 1),
  (13, 'Representación de formas de un objeto bidimensionalmente y en isométrico', 1, 4, 1),
  (14, 'Representación de vistas e isométrico de un objeto mostrando la estructura interna y externa', 2, 4, 1),
  (15, 'Desarrollo de modelos bidimensionales o tridimensionales de acuerdo a especificaciones', 3, 4, 1),
  (16, 'Uso de tiempos gramaticales para comunicar preferencias y experiencias sobre actividades deportivas', 1, 5, 1),
  (17, 'Enunciados condicionales 0, 1 y 2 para referirse a la prevención de las causas de desastres naturales', 1, 5, 1),
  (18, 'Uso de los tiempos pasado simple y pasado perfecto para narrar hechos acontecidos en diversos ambitos', 2, 5, 1),
  (19, 'Uso de la voz pasiva y los enunciados imperativos para referirse a inventos y descubrimientos', 3, 5, 1),
  (20, 'Protocolos de comunicación en la arquitectura de internet para el desarrollo web', 1, 6, 1),
  (21, 'Aplicación de diferentes herramientas y lenguajes de programación para el desarrollo de aplicaciones', 2, 6, 1),
  (22, 'Contextualiza los protocolos y estándares de los servicios web', 2, 6, 1),
  (23, 'Aplicación de los conceptos fundamentales a niveles de seguridad de los servicios web', 3, 6, 1),
  (24, 'Diseño de bases de datos normalizadas aplicando el modelado de datos Entidad-Relación y Relacional', 1, 8, 1),
  (25, 'Uso de gestores y lenguajes de bases de datos para la manipulación de la información de bases de datos', 2,  8, 1),
  (26, 'Aplicación de protección a las bases de datos para su confidencialidad, disponibilidad e inseguridad', 3, 8 , 1),
  (27, 'Explica las actividades de la administración de la calidad del sofware', 1, 9 , 1),
  (28, 'Aplicación de métodos de administración de tiempo de la calidad del software', 1, 9 , 1),
  (29, 'Evalua la calidad del producto de software por la elaboración de los planes del proyecto', 2, 9, 1),
  (30, 'Planeación estratégica del proyecto de desarrollo de software', 2, 7, 1),
  (31, 'Realiza la ejecución del proyecto de desarrollo de software con la planeación', 2, 7, 1),
  (32, 'Implementación del plan de mejora del proyecto con base a su ejecución', 3, 7, 1),
  (33, 'Sustenta el impacto que tiene el proyecto para la industria', 3, 7, 1),
  (34, 'Ux / UI', 1, 19, 1),
  (35, 'Introducción de JS6', 1, 19, 1),
  (36, 'Browser API ', 1, 19, 1),
  (37, '¿Qué es React?', 1, 19, 1),
  (38, 'Class Components vs Functional Components ', 1, 19, 1),
  (39, 'Definición de diferencial y cálculo de diferenciales', 1, 10, 1),
  (40, 'Tabla de diferenciales de funciones algebraicas y trascendentes',1,10, 1),
  (41, 'Integración por partes',2,10, 1),
  (42, 'Integración de potencias de funciones trigonométricas',2,10, 1),
  (43, 'El teorema fundamental del cálculo',3,10, 1),
  (44, 'Importancia de la electrostática y su relación con el medio que nos rodea', 1,11, 1),
  (45, 'Antecedentes históricos de la electricidad y de los modelos atómicos', 1,11, 1),
  (46, 'Ley de Ohm, circulo eléctrico', 2, 11, 1),
  (47, 'Energía, potencia, ley de Joule y el mecánico del calor', 2, 11, 1),
  (48, 'Agrupamiento de pilas eléctricas (batería)', 3, 11, 1),
  (49, 'Sustitución', 1, 12, 1),
  (50, 'Eliminación', 1, 12, 1),
  (51, 'Temperatura', 2, 12, 1),
  (52, 'Presión', 2, 12, 1),
  (53, 'Mezcla', 3, 12, 1),
  (54, 'Vocación y profesion', 1, 13, 1),
  (55, 'Proyecto de vida profesional', 1, 13, 1),
  (56, 'Oferta educativa institucional', 2, 13, 1),
  (57, 'Oferta educativa externa', 2, 13, 1),
  (58, 'Elementos que conforman el plan de vida profesional', 3, 13, 1),
  (59, 'Estilo directo', 1, 14, 1),
  (60, 'Estilo indirecto', 1, 14, 1),
  (61, 'Orden de adjetivos', 2, 14, 1),
  (62, 'Pronombres relativos', 2, 14, 1),
  (63, 'Auxiliares modales para hacer deductores y expresar grados de certeza, duda, posibilidad y probabilidad', 3, 14, 1),
  (64, 'Amenazas y Ataques', 1, 15, 1),
  (65, 'Ataques pasivos', 1, 15, 1),
  (66, 'Cifrado simétrico', 2, 15, 1),
  (67, 'Principios de cifrado simétrico', 2, 15, 1),
  (68, 'Aplicaciones de autentificación', 3, 15, 1),
  (69, 'Plan Estratégico', 1, 16, 1),
  (70, 'Viabilidad y riesgos', 1, 16, 1),
  (71, 'Casos de uso y especificación de casos de uso', 2, 16, 1),
  (72, 'Wireframes y mapa de navegación', 2, 16, 1),
  (73, 'Modelado del sistema', 3, 16, 1),
  (74, 'Concepto de ingeniería de pruebas', 1, 17, 1),
  (75, 'Objetivos de la prueba', 1, 17, 1),
  (76, 'Validación, verificación y su proceso', 2, 17, 1),
  (77, 'Conceptos de error y defectos', 2, 17, 1),  
  (78, 'Técnicas de pruebas', 3, 17, 1),
  (79, 'Introducción a los sistemas distribuidos', 1, 18, 1),
  (80, 'Ejemplos de sistemas distribuidos', 1, 18, 1),
  (81, 'Redes de área local', 2, 18, 1),
  (82, 'Redes de área amplia', 2, 18, 1),
  (83, 'Características de comunicación entre procesos', 3, 18, 1),
  (84, 'UX/UI', 1, 19, 1),
  (85, 'Introducción de JS6', 1, 19, 1),
  (86, 'Class Components vs Functional Component', 2, 19, 1),
  (87, 'Hooks', 2, 19, 1),
  (88, 'Manejo de contenedores', 3, 19, 1);

INSERT INTO
  CSubtema
values
  (1, 'Tabla de valores.', 1, 1),
  (2, 'Dominio y rango', 1, 1),
  (3, 'Notación y evaluación de una función', 1, 1),
  (4, 'Funcion inversa', 1, 1),
  (5, 'Dominio y rango en notación de conjunto por descripción, intervalo y representación gráfica.', 1, 1),
  (6, 'Modelos matemáticos.', 1, 1),
  (7, 'Funciones: polinomiales, racionales y trascendentes.', 1, 1),
  (8, 'Operaciones de funciones: suma, resta, multiplicación y división', 1, 1),
  (9, 'Concepto de límite de una función e introducción de su notación', 2, 1),
  (10, 'Continuidad de una función en un punto y en un intervalo', 2, 1),
  (11, 'Tipos de discontinuidad (evitable e inevitable)', 2, 1),
  (12, 'Cálculo de las discontinuidades en funciones racionales.', 2, 1),
  (13, 'Cálculo de límites (uso de teoremas y criterios de continuidad)', 2, 1),
  (14, 'Cálculo de derivadas de funciones algebraicas por reglas básicas de derivadas', 2, 1),
  (15, 'Regla de la cadena', 3, 1),
  (16, 'Derivada de función inversa y derivación implícita', 3, 1),
  (17, 'Derivadas sucesivas', 3, 1),
  (18, 'Cálculo de derivadas de funciones exponenciales y logarítmicas', 4, 1),
  (19, 'Cálculo de derivadas de funciones trigonométricas e inversas trigonométricas', 4, 1),
  (20, 'Función creciente y decreciente', 5, 1),
  (21, 'Signo de la primera derivada', 5, 1),
  (22, 'Carácter creciente y decreciente', 5, 1),
  (23, 'Máximos y mínimos relativos', 5, 1),
  (24, 'Sentido de concavidad de la gráfica de una función', 5, 1),
  (25, 'Signo de la segunda derivada', 5, 1),
  (26, 'Carácter de la concavidad de la gráfica de una función', 5, 1),
  (27, 'Puntos de inflexión.', 5, 1),
  (28, 'Máximo y mínimo absolutos de una función en un intervalo', 5, 1),
  (29, 'Problemas de máximos y mínimos', 5, 1),
  (30, 'Pendiente, ecuaciones de recta tangente y normal, ángulo entre curvas y rapidez', 5, 1),
  (31, 'Primera ley de Newton', 6, 1),
  (32, 'Segunda ley de Newton', 6, 1),
  (33, 'Tercera ley de Newton', 6, 1),
  (34, 'Fuerza de fricción', 6, 1),
  (35, 'Explicacion M.C.U', 7, 1),
  (36, 'Explicacion M.C.V', 7, 1),
  (37, 'Ley de gravitación universal', 7, 1),
  (38, 'Enunciado de la ley de gravitación universal', 7, 1),
  (39, 'Producto punto o producto escalar entre vectores', 7, 1),
  (40, 'Fuerza constante', 8, 1),
  (41, 'Fuerza cinética', 8, 1),
  (42, 'Trabajo neto', 8, 1),
  (43, 'Reacciones químicas inorgánicas', 9, 1),
  (44, 'Balanceo de ecuaciones químicas', 9, 1),
  (45, 'Estequiometría (unidades químicas)', 10, 1),
  (46, 'Estequiometría II', 10, 1),
  (47, 'Estructura de compuestos orgánicos', 10, 1),
  (48, 'Nomenclatura de hidrocarburos', 11, 1),
  (49, 'Nomenclatura de funciones químicas orgánicas ', 12, 1),
  (50, 'Present Perfect Tense', 16, 1),
  (51, 'Verbs Forms', 16, 1),
  (52, 'Future Tenses', 16, 1),
  (53, 'Too/Enough', 16, 1),
  (54, 'Passive Voice', 17, 1),
  (55, 'Modal verbs', 17, 1),
  (56, 'Zero conditional', 18, 1),
  (57, 'Conditional 1', 18, 1),
  (58, 'Neither, either, so, to', 19, 1),
  (59, 'Sistemas de proyección ortogonal', 13, 1),
  (60, 'Vistas principales y auxiliares en los sistemas americano y europeo', 13, 1),
  (61, 'Trazar isométricos a partir de vistas principales en sistema americano y europeo', 13, 1),
  (62, 'Describe cortes y secciones', 14, 1),
  (63, 'Representa cortes y secciones en vistas e isométrico', 14, 1),
  (64, 'Traza modelos especificos mediante los diferentes métodos de dibujo', 14, 1),
  (65, 'Representa gráficamente la estructura interna y externa de modelos específicos', 14, 1),
  (66, 'Antecedentes del internet', 20, 1),
  (67, 'Modelo cliente-servidor', 20, 1),
  (68, 'Arquitectura del internet', 20, 1),
  (69, 'HTML', 21, 1),
  (70, 'CSS y JavaScript', 21, 1),
  (71, 'Modelo vista-controlador', 21, 1),
  (72, 'Servidores web', 22, 1),
  (73, 'JSP y parámetros', 22, 1),
  (74, 'Sesiones y cookies', 23, 1),
  (75, 'Conexión con BD y servicios', 23, 1),
  (76, 'Servicios web', 23, 1),
  (77, 'Microservicios', 23, 1),
  (78, 'Fundamentos de bases de datos', 24, 1),
  (79, 'Modelos de datos utilizados para el diseño de bases de datos', 24, 1),
  (80, 'Base de datos normalizados', 24, 1),
  (81, 'Gestores de bases de datos', 25, 1),
  (82, 'Lenguajes de acceso para la manipulación de bases de datos', 25, 1),
  (83, 'Protección al acceso de datos', 26, 1),
  (84, 'Transacciones para asegurar la utenticidad de la información', 26, 1),
  (85, '¿Qué es un proyecto?', 30, 1),
  (86, 'Estudio de factibilidad', 30, 1),
  (87, 'Gráfica de Gantt', 30, 1),
  (88, 'Requerimientos', 30, 1),
  (89, 'Casos de uso y especificación de usos', 31, 1),
  (90, 'Wireframes y mapas de navegación', 31, 1),
  (91, 'Maquetación', 31, 1),
  (92, 'Modelo Entidad-Relación', 32, 1),
  (93, 'Modelado del sistema', 32, 1),
  (94, 'Diagrama de actividades', 32, 1),
  (95, 'Tipos de pruebas', 33, 1),
  (96, 'Entrega del proyecto', 33, 1),
  (97, 'Operadores aritméticos, relacionales, de asignación, lógicos, a nivel bits', 1, 1),
  (98, 'Tipos de datos', 27, 1),
  (99, 'Listas', 27, 1),
  (100, 'Tuplas', 27, 1),
  (101, 'Diccionarios', 27, 1),
  (102, 'Conjuntos', 27, 1),
  (103, 'Entrada de flujo', 27, 1),
  (104, 'Salida de flujo', 27, 1),
  (105, 'Condicional if', 27, 1),
  (106, 'If simple', 27, 1),
  (107, 'If-else', 27, 1),
  (108, 'If-elif-else', 27, 1),
  (109, 'For', 27, 1),
  (110, 'While', 27, 1),
  (111, 'Sentencia Break', 27, 1),
  (112, 'Sentencia Continue', 27, 1),
  (113, 'Sentencia Pass', 27, 1),
  (114, 'Funciones', 27, 1),
  (115, 'Funciones con retorno', 27, 1),
  (116, 'Ámbito de la variable', 27, 1),
  (117, 'Parámetros en una función', 27, 1),
  (118, 'Parámetros por omisión, arbitrarios,', 27, 1),
  (119, 'Desempaquetado de parámetros', 27, 1),
  (120, 'Recursividad', 27, 1),
  (121, 'Lambda', 27, 1),
  (122, 'Map', 27, 1),
  (123, 'Reduce', 27, 1),
  (124, 'Filter', 27, 1),
  (125, 'Zip', 27, 1),
  (126, 'Clase', 28, 1),
  (127, '__init__', 28, 1),
  (128, 'Instancia de una clase', 28, 1),
  (129, 'Herencia', 28, 1),
  (130, 'Herencia multiple', 28, 1),
  (131, 'Abstracción', 28, 1),
  (132, 'Encapsulamiento', 28, 1),
  (133, 'Polimorfismo', 28, 1),
  (134, 'Módulos', 28, 1),
  (135, 'Función dir()', 28, 1),
  (136, 'Paquetes', 28, 1),
  (137, 'PyPI', 28, 1),
  (138, 'Tkinter', 28, 1),
  (139, 'Ficheros', 29, 1),
  (140, 'Apertura de ficheros', 29, 1),
  (141, 'Modo _apertura de ficheros, ficheros binarios', 29 , 1),
  (142, 'Método para ficheros de texto, ficheros binarios', 29, 1),
  (143, 'Serialización y deserialización', 29, 1),
  (144, 'Excepciones', 29, 1),
  (145, 'Data science', 29, 1),
  (146, 'Arreglos con NumPy', 29, 1),
  (147, 'Selección, edición de array unidimensionales', 29, 1),
  (148, 'Uso de rangos', 29, 1),
  (149, 'Copia de un array', 29, 1),
  (150, 'Atributo shape', 29, 1),
  (151, 'Función reshape', 29, 1),
  (152, 'Método flatten', 29, 1),
  (153, 'Función sort', 29, 1),
  (154, 'Arreglos especiales', 29, 1),
  (155, 'Matplotlib', 29, 1),
  (156, 'Función plot', 29, 1),
  (157, 'Función show', 29, 1),
  (158, 'Función subplot2grid', 29, 1),
  (159, 'Pandas', 29, 1),
  (160, 'Dataframes', 29, 1),
  (161, 'Creaciones de series', 29, 1),
  (162, 'Creación de dataframes', 29, 1),
  (163, 'Inspección de series y dataframes', 29, 1),
  (164, 'Método head, tail, sample, describe', 29, 1),
  (165, 'Leer archivos CSV', 29, 1),
  (166, 'Estadística', 29, 1),
  (167, 'Conceptos básicos de estadística', 29, 1),
  (168, 'Población', 29, 1),
  (169, 'Muestra', 29, 1),
  (170, 'Tablas de distribución de frecuencias', 29, 1),
  (171, 'Medidas de tendencia central', 29, 1),
  (172, 'Medida muestral, ponderada', 29, 1),
  (173, 'Moda', 29, 1),
  (174, 'Mediana', 29, 1),
  (175, 'Medidas de variabilidad o dispersión', 29, 1),
  (176, 'Rango', 29, 1),
  (177, 'Desviación media', 29, 1),
  (178, 'Varianza y desviación estándar', 29, 1),
  (179, 'Introducción a React', 37, 1),
  (180, 'Componentes', 37, 1),
  (181, 'Tipos de componentes', 37, 1),
  (182, 'Ciclo de vida de un componente', 37, 1),
  (183, 'Functional Component', 37, 1),
  (184, 'Class Component', 37, 1),
  (185, 'Instalación', 37, 1),
  (186, 'La antiderivada y el concepto de integral indefinida',39,1),
  (187, 'Constante de integración y discusión de su significado',39,1),
  (188, 'Propiedades de la integral indefinida',39,1),
  (189, 'Integrales inmediatas',39,1),
  (190, 'Reconocimiento de patrones para aplicar las fórmulas',39,1),
  (191, 'Cambios de variables',39,1),
  (192, 'Integración de funciones algebraicas',39,1),
  (193, 'Integración de funciones trigonometricas',39,1),
  (194, 'Integración de funciones exponenciales y logarítmicas',40,1),
  (195, 'Integración por sustitución trigonométrica',41,1),
  (196, 'Integración por fracciones parciales',41,1),
  (197, 'Integración por racionalización',42,1),
  (198, 'Cálculo de áreas entre curvas',43,1),
  (199, 'Cálculo del volumen de sólidos de revolución',43,1),
  (200, 'Método de discos',43,1),
  (201, 'Método de arandelas',43,1),
  (202, 'Método de capas cilíndricas',43,1),
  (203, 'Tipos de cargas eléctricas', 44,1),
  (204, 'Cuerpos electricamente neutros', 44,1),
  (205, 'Ley de la interacción de la carga eléctrica', 44,1),
  (206, 'Principio de conservación y cuantización de la carga eléctrica', 44,1),
  (207, 'Electrización', 44,1),
  (208, 'Conductores, semiconductores, superconductores y aislantes',44,1),
  (209, 'Concepto de carga puntual', 44,1),
  (210, 'Concepto de campo eléctrico y carga de prueba', 44,1),
  (211, 'Definición y características de las líneas de campo o de fuerza eléctrica', 45,1),
  (212, 'Enunciado, experimento y modelo matemático de la ley de Coulomb', 45,1),
  (213, 'Concepto de electrodinámica', 45,1),
  (214, 'Intensidad de corriente eléctrica', 45,1),
  (215, 'Corriente eléctrica en función de la velocidad de arrastre y densidad de corriente eléctrica', 45,1),
  (216, 'Resistencia eléctrica, resistividad, conductividad y conductancia eléctrica', 45,1),
  (217, 'Resistencia en función de las dimensiones y naturaleza del conductor', 45,1),
  (218, 'Rendimiento o eficiencia eléctrica', 46, 1),
  (219, 'Agrupamiento de resistores', 46, 1),
  (220, 'Tipos de agrupamientos y características', 46, 1),
  (221, 'Leyes de Kirchhoff, conceptos de nodo malla y red', 46, 1),
  (222, 'Celdas electroquímicas, descripción general de una celda eléctrica elemental', 46, 1),
  (223, 'Electrolito, electrodos, despolarizado y recipiente', 46, 1),
  (224, 'Funcionamiento elemental de una celda electroquímica', 46, 1),
  (225, 'Celdas electroquímicas primarias', 46, 1),
  (226, 'Pila de Volta, Daniell, seca alcalina, mercurio, plata y litio', 47, 1),
  (227, 'Celdas electroquímicas secundarias', 47, 1),
  (228, 'Celda secundaria ácido-plomo y pila seca de níquel-cadmio', 47, 1),
  (229, 'Agrupamiento serie', 48, 1),
  (230, 'Agrupamiento paralelo', 48, 1),
  (231, 'Modelos matemáticos y aplicaciones', 48, 1),
  (232, 'Adición', 49, 1),
  (233, 'Tipos de rupturas moleculares (homolítica y heterolítica)', 49, 1),
  (234, 'Radical libre', 49, 1),
  (235, 'Reactivos nucleofilos y electrofilos', 49, 1),
  (236, 'Alcanos', 49, 1),
  (237, 'Descarboxilación', 49, 1),
  (238, 'Halogenación', 49, 1),
  (239, 'Cracking', 49, 1),
  (240, 'Oxidación total (combustión)', 50, 1),
  (241, 'Deshidratación de alcoholes (Saytzeff)', 50, 1),
  (242, 'Hidratación (Markovnikov)', 50, 1),
  (243, 'Hidrogenación', 50, 1),
  (244, 'Polimerización', 50, 1),
  (245, 'Producción de acetileno', 50, 1),
  (246, 'Hidrohalogenación', 50, 1),
  (247, 'Oxidación parcial', 50, 1),
  (248, 'Reducción', 50, 1),
  (249, 'Esterificación', 50, 1),
  (250, 'Hidrólisis (ácida y alcalina)', 50, 1),
  (251, 'Características del benceno', 50, 1),
  (252, 'Nomenclatura de derivados del benceno (mono, di y polisustituidos)', 50, 1),
  (253, 'Reacciones del benceno (sin mecanismos de reacción)', 50, 1),
  (254, 'Sulfonación', 50, 1),
  (255, 'Nitración', 50, 1),
  (256, 'Alquinación', 50, 1),
  (257, 'Repercusiones ecológicas del benceno y sus derivados', 50, 1),
  (258, 'Volumen', 51, 1),
  (259, 'Masa', 52, 1),
  (260, 'Químicas', 52, 1),
  (261, 'Ley de Boyle-Mariotte', 52, 1),
  (262, 'Ley de Charles', 52, 1),
  (263, 'Ley de Gay Lussac', 52, 1),
  (264, 'Ley general del estado gaseoso o Ley combinada', 52, 1),
  (265, 'Solución', 53, 1),
  (266, 'Soluto', 53, 1),
  (267, 'Solvente', 53, 1),
  (268, 'Concentración', 53, 1),
  (269, 'Diluida', 53, 1),
  (270, 'Concentrada', 53, 1),
  (271, 'Saturada', 53, 1),
  (272, 'No saturada', 53, 1),
  (273, 'Sobresaturada', 53, 1),
  (274, 'Porcentual', 53, 1),
  (275, 'Molar', 53, 1),
  (276, 'Normal', 53, 1),
  (277, 'Dilución', 53, 1),
  (278, 'Titulación', 53, 1),
  (279, 'Factores que intervienen en la eleccion de la carrera', 54, 1),
  (280, 'Sentimientos y emociones', 54, 1),
  (281, 'Externos', 55, 1),
  (282, 'Intercambio académico', 56, 1),
  (283, 'Demanda de carreras y matrícula', 56, 1),
  (284, 'Profesión y calidad', 57, 1),
  (285, 'Oferta y demanda laboral de profesionistas', 57, 1),
  (286, 'Proyecto de vida profesional', 58, 1),
  (287, 'Presente-Pasado', 59, 1),
  (288, 'Pasado-Pasado Perfecto', 59, 1),
  (289, 'Presente Perfecto-Pasado Perfecto', 59, 1),
  (290, 'Will-could', 59, 1),
  (291, 'Can-could', 59, 1),
  (292, 'Tiempo futuro continuo', 59, 1),
  (293, 'Tiempo futuro perfecto', 59, 1),
  (294, 'Verbos say, tell, ask', 59, 1),
  (295, 'Vocabulario relativo a problemas ambientales', 60, 1),
  (296, 'Expresiones como in case, just in case', 60, 1),
  (297, 'Either...or/neither...nor', 60, 1),
  (298, 'Expresiones para replantear lo dicho As I´ve been saying.../As it has been stated.../in other words.../As I early mentioned...', 60, 1),
  (299, 'Adjetivos comparativos y superlativos', 60, 1),
  (300, 'Expresiones de tiempo', 60, 1),
  (301, 'Too/Enough', 61, 1),
  (302, 'Tiempos futuros', 61, 1),
  (303, 'Coletillas interrogativas', 61, 1),
  (304, 'So do I/neither/nor do I', 61, 1),
  (305, 'I do/ I don´t', 61, 1),
  (306, 'Adjetivos calificativos', 61, 1),
  (307, 'Adjetivos comparativos y superlativos', 61, 1),
  (308, 'Vocabulario para halagar', 61, 1),
  (309, 'Vocabulario para referirse a la moda', 62, 1),
  (310, 'Sustantivos compuestos', 62, 1),
  (311, 'Expresiones para denotar opinión', 62, 1),
  (312, 'Need + ing', 62, 1),
  (313, 'Preguntas indirectas', 62, 1),
  (314, 'Verbos causativos', 62, 1),
  (315, 'Would you mind if.../would you mind + ing', 62, 1),
  (316, 'Expresiones para verificar lo entendido', 62, 1),
  (317, 'Expresiones para ayudar a otros a manifestar sus ideas', 62, 1),
  (318, 'Vocabulario relativo a servicios y quejas', 62, 1),
  (319, 'Expresiones utilizadas para cartas formales', 62, 1),
  (320, 'Verbos en el pasado participo', 62, 1),
  (321, 'Verbos que siempre van seguidos de infinitivo', 63, 1),
  (322, 'Verbos que siempre van seguidos de gerundio', 63, 1),
  (323, 'Verbos que se usan indistintamente infinitivo o gerundio', 63, 1),
  (324, 'Verbos que tienen un significado diferente dependiendo de su preceden a un infinitivo o a un gerundio', 63, 1),
  (325, 'Conectores de secuencia', 63, 1),
  (326, 'Vocabulario sobre sucesos policiacos', 63, 1),
  (327, 'Expresiones para hacer deducciones', 63, 1),
  (328, 'Expresiones y lenguaje corporal para interrumpir una conversación', 63, 1),
  (329, 'Vocabulario relativo a infracciones y delitos', 63, 1),
  (330, 'Ataques activos', 64, 1),
  (331, 'Seguridad', 64, 1),
  (332, 'Servicios de seguridad', 64, 1),
  (333, 'Mecanismos de seguridad', 65, 1),
  (334, 'Estándares de seguridad', 65, 1),
  (335, 'Algoritmos de cifrado simétrico', 66, 1),
  (336, 'Modos de operación del cifrado por bloques', 66, 1),
  (337, 'Distribución de bloques', 66, 1),
  (338, 'Distribución de claves', 66, 1),
  (339, 'Criptografía de clave pública y autentificación', 66, 1),
  (340, 'Autentificación mediante cifrado', 66, 1),
  (341, 'Funciones Hash', 66, 1),
  (342, 'Principios de criptografía de clave pública', 66, 1),
  (343, 'Algoritmos de criptografía de clave pública', 67, 1),
  (344, 'Firmas digitales', 67, 1),
  (345, 'Gestión de claves', 67, 1),
  (346, 'Kerbers', 68, 1),
  (347, 'Certificados', 68, 1),
  (348, 'Seguridad en el correo electrónico', 68, 1),
  (349, 'Claves criptográficas y archivos de claves', 68, 1),
  (350, 'Gestión de clave pública', 68, 1),
  (351, 'S/MIME', 68, 1),
  (352, 'Seguridad IP', 68, 1),
  (353, 'Aplicaciones de autentificación', 68, 1),
  (354, 'Arquitectura de seguridad IP', 68, 1),
  (355, 'Seguridad de la web', 68, 1),
  (356, 'Amenazas de seguridad web', 68, 1),
  (357, 'SSL y TLS', 68, 1),
  (358, 'SEL', 68, 1),
  (359, 'Seguridad en la gestión de redes', 68, 1),
  (360, 'SNMP', 68, 1),
  (361, 'Intrusos', 68, 1),
  (362, 'Detección de intrusos', 68, 1),
  (363, 'Gestión de contraseñas', 68, 1),
  (364, 'Software dañino', 68, 1),
  (365, 'Virus', 68, 1),
  (366, 'Antivirus', 68, 1),
  (367, 'Cortafuegos', 68, 1),
  (368, 'Diseño de cortafuegos', 68, 1),
  (369, 'Sistemas de confianza', 68, 1),
  (370, 'Cronograma de actividades', 69, 1),
  (371, 'Requerimientos', 70, 1), 
  (372, 'Maquetación', 71, 1),
  (373, 'Modelo E-R', 72, 1),
  (374, 'Diagrama de actividades', 73, 1),
  (375, 'Pruebas', 73, 1),
  (376, 'Entrega final', 73, 1),
  (377, 'Importancia de la prueba', 74, 1),
  (378, 'Principios de la prueba', 74, 1),
  (379, 'Vista general del proceso de prueba', 74, 1),
  (380, 'Características de las pruebas de software', 75, 1),
  (381, 'Los requerimientos y su impacto en pruebas', 75, 1),
  (382, 'La depuración y proceso', 76, 1),
  (383, 'Proceso de calidad para evaluar el desempeño y eficiencia del producto de software', 77, 1),
  (384, 'Métodos de diseño de casos de prueba', 78, 1),
  (385, 'Pruebas de caja blanca', 78, 1),
  (386, 'Prueba del camino básico', 78, 1),
  (387, 'Pruebas de condiciones', 78, 1),
  (388, 'Prueba de nucles', 78, 1),
  (389, 'Pruebas de caja negra', 78, 1),
  (390, 'Perfiles del personal', 78, 1),
  (391, 'Personal de pruebas', 78, 1),
  (392, 'Pruebas de unidad, integración, sistema, validación y regresión', 78, 1),
  (393, 'Junit', 78, 1),
  (394, 'Creando una clase de prueba', 78, 1),
  (395, 'Creando un test suite', 78, 1),
  (396, 'Enunciado Assertion', 78, 1),
  (397, 'Elementos esenciales de la arquitectura de componentes', 78, 1),
  (398, 'Plataformas asociados a las pruebas de software', 78, 1),
  (399, 'Ciclo de vida de pruebas', 78, 1),
  (400, 'Características de los sistemas distribuidos', 79, 1),
  (401, 'Capas de software', 79, 1),
  (402, 'Arquitectura del sistema', 80, 1),
  (403, 'Modelo cliente servidor', 80, 1),
  (404, 'Redes de área metropolitana', 81, 1),
  (405, 'Redes inalámbricas', 81, 1),
  (406, 'Paquetes', 81, 1),
  (407, 'Flujo de datos', 81, 1),
  (408, 'Conmutación', 81, 1),
  (409, 'Protocolos', 81, 1),
  (410, 'Modelo OSI', 81, 1),
  (411, 'Interconexión de redes', 81, 1),
  (412, 'Direccionamiento IP', 82, 1),
  (413, 'Protocolo IP', 82, 1),
  (414, 'Enrutamiento', 82, 1),
  (415, 'IP versión 6', 82, 1),
  (416, 'IP móvil', 82, 1),
  (417, 'TCP y UDP', 82, 1),
  (418, 'Nombres de dominio', 82, 1),
  (419, 'Cortafuegos', 82, 1),
  (420, 'Ethernet', 82, 1),
  (421, 'Sockets', 83, 1),
  (422, 'Comunicación de datagramas UDP', 83, 1),
  (423, 'Comunicación de Streams TCP', 83, 1),
  (424, 'Representación externa de datos y empaquetado', 83, 1),
  (425, 'Protocolo petición-respuesta', 83, 1),
  (426, 'Multidifusión', 83, 1),
  (427, 'Objetos distribuidos', 83, 1),
  (428, 'Invocación de objetos distribuidos', 83, 1),
  (429, 'Llamada a procedimiento remoto', 83, 1),
  (430, 'Modelo web', 83, 1),
  (431, 'Servicios web', 83, 1),
  (432, 'Navegadores', 83, 1),
  (433, 'Protocolos (HTTP)', 83, 1),
  (434, 'Nombres (URL)', 83, 1),
  (435, 'Browser API', 84, 1),
  (436, '¿Qué es React?', 85, 1),
  (437, '¿Qué es un web service?', 86, 1),
  (438, 'Postman y ORM', 87, 1),
  (439, 'La nube', 88, 1),
  (440, 'CI/CD-Heroku', 88, 1),
  (441, 'Firebase', 88, 1),
  (442, 'Azure', 88, 1);


INSERT INTO MMaterial (id_mat, url_mat, id_sub, valida_mat) VALUES
(1,'https://www.monografias.com/trabajos-pdf4/dominio-y-rango-funcion/dominio-y-rango-funcion.pdf',2,1),
(2,'http://docs.uprb.edu/deptmate/material%20suplementario/CIME/10mo%20a%2012mo/T4%3B%20Funciones%20y%20sus%20Propiedades%2810mo%20a%2012mo%29.pdf',7,1),
(3,'http://www0.unsl.edu.ar/~calculo1/teorias/capitulo4A4.pdf',4,1),
(4,'http://www.unl.edu.ar/ingreso/cursos/matematica/wp-content/uploads/sites/7/2017/07/M%25C3%25B3dulo-7-Funciones-polinomiales.pdf',7,1),
(5,'https://personales.unican.es/alvareze/CalculoWeb/CalculoI/matex/funcion2.pdf',7,1),
(6,'https://www.mat.uson.mx/~jldiaz/Documents/Funcion/3-funciones-operaciones-jl.pdf',8,1),
(7,'https://www.matematicasonline.es/pdf/Temas/1BachCT/Limite%20de%20una%20funcion.pdf',9,1),
(8,'https://www.matematicasonline.es/pdf/Temas/1BachCT/Continuidad.pdf',10,1),
(9,'https://www.losagustinos.es/wp-content/uploads/2018/11/Continuidad.-Teor%C3%ADa.pdf',11,1),
(10,'http://matematicas.uis.edu.co/jccarril/Cursos/C1/slides-ln-c1/C1-LN-Cap2-S4.pdf',12,1),
(11,'https://www.matematicasonline.es/pdf/Temas/2BachCT/Calculo%20de%20derivadas.pdf',14,1),
(12,'https://www.uaeh.edu.mx/docencia/P_Presentaciones/Sahagun/industrial/2019/derivacion-por-regla-cadena.pdf',15,1),
(13,'http://matematicas.unex.es/~montalvo/Grado%20en%20Matematicas/Analisis%20Matematico%20I/Apuntes/2015/cap4.pdf',16,1),
(14,'https://www.ugr.es/~rpaya/documentos/CalculoII/2013-14/Sucesivas.pdf',17,1),
(15,'https://matematicaenlinea.com/recursos/wp-content/uploads/2019/04/2.5-Derivadas-de-exponenciales-y-logaritmicas.pdf',18,1),
(16,'https://www.mat.uson.mx/~jldiaz/Documents/Derivadas/Derivada_Fun_Trigon.pdf',19,1),
(17,'https://edumatth.weebly.com/uploads/1/3/1/9/13198236/derivadas_de_las_funciones_trigonomtricas_inversas.pdf',19,1),
(18,'https://www.ipn.mx/assets/files/cecyt4/docs/estudiantes/aulas/mescrito/cuarto/matutino/calculo/1.pdf',20,1),
(19,'https://www.repositoriodigital.ipn.mx/bitstream/123456789/3403/1/T_Corte_Calculo_1.pdf',21,1),
(20,'https://www.matematicasonline.es/pdf/Temas/1BachCT/Aplicaciones%20derivadas.pdf',22,1),
(21,'https://www.youtube.com/watch?v=H40lcwlgPMk',2,1),
(22,'https://www.youtube.com/watch?v=alwG1gO6vS4',3,1),
(23,'https://www.youtube.com/watch?v=XpUdUtnlu84',4,1),
(24,'https://www.youtube.com/watch?v=Ll7xfe3HoZE&list=PLeySRPnY35dGfEuNGbQmymhiQF4oTUIMb',7,1),
(25,'https://www.youtube.com/watch?v=o2UTk8bsLS0',9,1),
(26,'https://www.youtube.com/watch?v=LDkdAr6m0gg',10,1),
(27,'https://www.youtube.com/watch?v=W35mEXQVBnc',11,1),
(28,'https://www.youtube.com/watch?v=32ReJLtR8QQ',11,1),
(29,'https://www.youtube.com/watch?v=o2UTk8bsLS0&list=PLeySRPnY35dG9t51yT4nCwQEtWwCwvBwn',13,1),
(30,'https://www.youtube.com/watch?v=uK4-s0ojHFg&list=PLeySRPnY35dG2UQ35tPsaVMYkQhc8Vp__',14,1),
(31,'https://www.youtube.com/watch?v=m_5-WS9Nd68',15,1),
(32,'https://www.youtube.com/watch?v=d8oTOW4-hU8',16,1),
(33,'https://www.youtube.com/watch?v=Gs4UsbTO8uE',16,1),
(34,'https://www.youtube.com/watch?v=zPJJUoqsNDw',17,1),
(35,'https://www.youtube.com/watch?v=zcs6JXHZQtI',18,1),
(36,'https://www.youtube.com/watch?v=WdBsNs_qeUk',18,1),
(37,'https://www.youtube.com/watch?v=cP1Ss34Mkz8',19,1),
(38,'https://www.youtube.com/watch?v=aNASRj9zLAA',19,1),
(39,'https://www.youtube.com/watch?v=ifNHa7XidW8',20,1),
(40,'https://www.youtube.com/watch?v=EsCisbiu9fk',21,1),
(41,'https://www.youtube.com/watch?v=Fgz2oMPRQsc',22,1),
(42,'https://www.youtube.com/watch?v=5kleS-M4OnU',23,1),
(43,'https://www.youtube.com/watch?v=Vwsptj6MtwI',24,1),
(44,'https://www.youtube.com/watch?v=tnauIRlYJxY',23,1),
(45,'https://www.youtube.com/watch?v=OlLawWyvdLk',30,1),
(46,'https://www.youtube.com/watch?v=Udn3QvsO8qM',30,1),
(47,'http://www.wenceslao.com.mx/matematicas/math4/',1,1),
(48,'http://www.biopsychology.org/apuntes/calculo/calculo1.htm',2,1),
(49,'https://es.wikipedia.org/wiki/C%C3%A1lculo_diferencial',1,1),
(50,'https://www.mat.uson.mx/eduardo/calculo1/',1,1),
(51,'https://www.mineduc.gob.gt/DIGECADE/documents/Telesecundaria/Recursos%20Digitales/2o%20Recursos%20Digitales%20TS%20BY-SA%203.0/01%20CIENCIAS%20NATURALES/U9%20pp%20205%20leyes%20de%20newton.pdf',31,1),
(52,'https://dcb.ingenieria.unam.mx/wp-content/themes/tempera-child/CoordinacionesAcademicas/CA/M/E/Monografias/Friccion.pdf',34,1),
(53,'https://rephip.unr.edu.ar/bitstream/handle/2133/3515/7304-14%20FISICA%20Movimiento%20Circular.pdf?sequence=1&isAllowed=y',35,1),
(54,'https://www.uv.es/jmarques/_private/Campogravitatorio.pdf',37,1),
(55,'https://www.uaeh.edu.mx/docencia/P_Presentaciones/Sahagun/industrial/2019/producto-punto-cruz-triple-producto.pdf',39,1),
(56,'https://www2.dgeo.udec.cl/juaninzunza/docencia/fisica/cap5.pdf',178,1),
(57,'https://www.youtube.com/watch?v=uUyAFlIdBqw',31,1),
(58,'https://www.youtube.com/watch?v=km0gRXpKi2o',32,1),
(59,'https://www.youtube.com/watch?v=payV_CHjkO4',33,1),
(60,'https://www.youtube.com/watch?v=ZioAZZVTzt4',34,1),
(61,'https://www.youtube.com/watch?v=u8j2J7sxyys',35,1),
(62,'https://www.youtube.com/watch?v=rP5oFIRywvE',36,1),
(63,'https://www.youtube.com/watch?v=DWhy9Oa62_w',37,1),
(64,'https://www.youtube.com/watch?v=N5f7pYTNcFM',39,1),
(65,'https://www.youtube.com/watch?v=fPufWaqLJFQ',40,1),
(66,'https://www.youtube.com/watch?v=bQrEqR9t9ug',41,1),
(67,'https://www.youtube.com/watch?v=jFe5DK28Zio',42,1),
(68,'http://www.ele.uva.es/',178,1),
(69,'http://www.sc.ehu.es/sbweb/fisica/default.htm',178,1),
(70,'https://www.fisicanet.com.ar/fisica/',178,1),
(71,'https://www.nist.gov/pml/fundamental-physical-constants',178,1),
(72,'https://gizmos.explorelearning.com/',51,1),
(73,'http://www.exploratorium.edu.ronh/',51,1),
(74,'https://www.utexas.edu/',51,1),
(75,'https://research-it.berkeley.edu/news/retiring-museum-informatics-and-interactive-university-projects',51,1),
(76,'https://www.iop.org/',51,1),
(77,'https://www.iop.org/explore-physics',51,1),
(78,'https://www.physlink.com/',51,1),
(79,'https://www.mheducation.com/highered/contact.html',51,1),
(80,'https://edejesus.web.uah.es/resumenes/QG/Tema_16.pdf',43,1),
(81,'https://www.guao.org/sites/default/files/biblioteca/Balanceo%20de%20ecuaciones%20qu%C3%ADmicas_0.pdf',44,1),
(82,'https://andoni.garritz.com/documentos/Mi%20curriculum/06-Garritz.pdf',45,1),
(83,'https://www.ugr.es/~fgarciac/pdf_biologos/Ch11%20[Compatibility%20Mode].pdf',47,1),
(84,'https://www.upo.es/depa/webdex/quimfis/docencia/quimbiotec/Nomenclatura_organica.pdf',49,1),
(85,'https://www.youtube.com/watch?v=CEFa1b5yQnc',43,1),
(86,'https://www.youtube.com/watch?v=SZkkf4uO5h4',44,1),
(87,'https://www.youtube.com/watch?v=kEC32yL3v10',44,1),
(88,'https://www.youtube.com/watch?v=PhaC2iMIOvg',44,1),
(89,'https://www.youtube.com/watch?v=3iwcs-B2Jfc',45,1),
(90,'https://www.youtube.com/watch?v=fJOpGRGZNW4',46,1),
(91,'https://www.youtube.com/watch?v=02hfRk-3XgA',46,1),
(92,'https://www.youtube.com/watch?v=EpLi7o9R5QE',46,1),
(93,'https://www.youtube.com/watch?v=TqYnfIZUZXs',46,1),
(94,'https://www.youtube.com/watch?v=qteS900VbL4',47,1),
(95,'https://www.youtube.com/watch?v=30masYBTznE',48,1),
(96,'https://www.youtube.com/watch?v=BfzQ5tfFyuw',49,1),
(97,'https://www.youtube.com/watch?v=7BCU2SwLTCQ',49,1),
(98,'http://www.mitareanet.com/colaboraciones/REGLAS%20PARA%20NOMBRAR%20ALCANOS%20RAMIFICADOS%20NO%20CICLICOS.doc',178,1),
(99,'http://www.mitareanet.com/colaboraciones/ionelectron.doc',178,1),
(100,'http://dta.utalca.cl/quimica/profesor/jvilla/prob_oxred.doc',178,1),
(101,'https://html.rincondelvago.com/carbono_1.html?url=carbono_1',48,1),
(102,'https://es.wikipedia.org/wiki/Hibridaci%C3%B3n_del_carbono',48,1),
(103,'https://iupac.org/',49,1),
(104,'https://sites.google.com/site/cienciaok/home/nomenclatura-de-hidrocarburos',48,1),
(105, 'https://repository.uaeh.edu.mx/bitstream/bitstream/handle/123456789/19697/propiedades-integral-indefinida.pdf?sequence=1', 186, 1),
(106, 'https://www.uaeh.edu.mx/docencia/P_Presentaciones/prepa_ixtlahuaco/2019/5/derivada-constante-derivacion.pdf', 187, 1),
(107, 'https://www.youtube.com/watch?v=nypWS9IuMSc', 188, 1),
(108, 'https://jaimepinto.es/2bachccnn/Integrales_inmediatas.pdf', 189, 1),
(109, 'https://www.cartagena99.com/recursos/alumnos/apuntes/Tema%203%20-%20Calculo%20integral%20en%20una%20variable_reducido.pdf', 190, 1),
(110, 'https://www.youtube.com/watch?v=5Ej7FPMxmPA', 191, 1),
(111, 'https://www.cecytcampeche.edu.mx/BibliotecaVirtual/5toSemestre_Ago_2021/Calculo_Integral_2do_parcial.pdf', 192, 1),
(112, 'https://www.ipn.mx/assets/files/cecyt11/docs/Guias/UABasicas/Matematicas/calculo-integral-2.PDF', 193, 1),
(113, 'https://www.youtube.com/watch?v=mzp0GzK-Z54', 194, 1),
(114, 'https://portalacademico.cch.unam.mx/materiales/prof/matdidac/sitpro/mate/calc/calc2/guiacalculoII/U2Sustitucion.pdf', 195, 1),
(116, 'http://ftp.campusvirtual.utn.ac.cr/calculo/Inte_Sust_Trigo.pdf', 195, 1),
(117, 'https://www.youtube.com/watch?v=6pFmUh41jsQ', 196, 1),
(118, 'https://www.cs.buap.mx/~fjrobles/FraPar.pdf', 196, 1),
(119, 'http://matematicasfce.ece.buap.mx/documentos/racionalizacioncueto.pdf', 197, 1),
(120, 'https://www.youtube.com/watch?v=hZ1n4-Cpn74', 198, 1),
(121, 'https://www.escom.ipn.mx/docs/oferta/matDidacticoISC2009/CAplcd/Apuntes_CalAplicado.pdf', 199, 1),
(122, 'http://matesup.cl/portal/apuntes/calculo2/cap15.pdf', 200, 1),
(123, 'https://www.youtube.com/watch?v=SKZ9cP_NGEM', 201, 1),
(124, 'https://www.mhe.es/universidad/ciencias_matematicas/smith/home/VOL1_Unidad%205_.pdf', 202, 1),
(125, 'https://www.educarex.es/pub/cont/com/0019/documentos/pruebas-acceso/contenidos/modulo_IV/ciencias_de_la_naturaleza/4nat05.pdf', 203, 1),
(126, 'https://www.youtube.com/watch?v=HnP2MBWs_SU', 204, 1),
(127, 'https://rua.ua.es/dspace/bitstream/10045/9117/1/Tema%2002_Interaccio%CC%81n%20ele%CC%81ctrica%20%28S%26I%29.pdf', 205, 1),
(128, 'https://dcbs.fisica.uson.mx/archivos/fisica2/01-fisica_II.pdf', 206, 1),
(129, 'https://www.youtube.com/watch?v=lhZ4qYWBdTE', 207, 1),
(130, 'https://lenninjavier.com/wp-content/uploads/2020/06/conductores-semiconductores-y-aislantes.pdf', 208, 1),
(131, 'https://catedra.ing.unlp.edu.ar/electrotecnia/cys/DI/CampoYPot.pdf', 209, 1),
(132, 'https://www.youtube.com/watch?v=qt-9mvyt4SA', 210, 1),
(133, 'https://www2.montes.upm.es/dptos/digfa/cfisica/electro/campo_electr.html', 211, 1),
(134, 'https://webs.um.es/gregomc/LabESO/Coulomb/Leycoulomb_Guion.pdf', 212, 1),
(135, 'https://www.youtube.com/watch?v=Qek_7812zgA', 213, 1),
(136, 'https://institutoclaret.cl/wp-content/uploads/2020/08/8%C2%B0-FCA-Gu%C3%ADa-ntensidad-de-la-corriente-el%C3%A9ctrica.pdf', 214, 1),
(137, 'https://electricidad.usal.es/Principal/Fenomenos/Publicaciones/Descargas/03_Corriente_electrica.pdf', 215, 1),
(138, 'https://www.youtube.com/watch?v=LQuOM-sTN6o', 216, 1),
(139, 'https://www.acomee.com.mx/clasificaciones/RESISTENCIA%20ELECTRICA.pdf', 217, 1),
(140, 'https://www.camara.es/sites/default/files/generico/steeep_training_material_for_smes_spanish_0.pdf', 218, 1),
(141, 'https://www.youtube.com/watch?v=FAsSmX9UGGY', 219, 1),
(142, 'https://es.scribd.com/document/371099593/Agrupamiento-de-Resistencias', 220, 1),
(143, 'https://www.inet.edu.ar/wp-content/uploads/2020/07/ELECTRONICA_Gu--a07-Mallas-y-Nodos.pdf', 221, 1),
(144, 'https://www.youtube.com/watch?v=Je22-9w-ub0', 222, 1),
(145, 'https://es.scribd.com/doc/268100851/Despolarizado-y-Recipiente', 223, 1),
(146, 'http://www.saber.ula.ve/bitstream/handle/123456789/16741/energia_ambiente.pdf?sequence=1&isAllowed=y', 224, 1),
(147, 'https://www.youtube.com/watch?v=nIxrJ5AJL8I', 225, 1),
(148, 'https://ri.ues.edu.sv/id/eprint/2620/1/Propuesta_para_la_gesti%C3%B3n_ambiental_de_pilas_y_bater%C3%ADas_%28dispositivos_electroqu%C3%ADmicos_generadores_de_energ%C3%ADa%29__fuera_de_uso_en_El_Salvador.pdf', 226, 1),
(149, 'https://exa.unne.edu.ar/quimica/quimgeneral/temas_parciales/unidad_10_Electroquimica2007.pdf', 227, 1),
(150, 'https://www.youtube.com/watch?v=q-emUK1FWEM', 228, 1),
(151, 'https://repositorio.upct.es/bitstream/handle/10317/7661/syc.pdf', 229, 1),
(152, 'https://preparatoriaabiertapuebla.com.mx/wp-content/uploads/2021/12/CIRCUITOS-Y-RESISTENCIAS.pdf', 229, 1),
(153, 'https://www.youtube.com/watch?v=lGKzTfDuucs', 230, 1),
(154, 'https://repositoriotec.tec.ac.cr/bitstream/handle/2238/7379/Capacitores%20en%20serie%20y%20en%20paralelo.pdf?sequence=1&isAllowed=y', 230, 1),
(155, 'https://www.fundacionazara.org.ar/img/libros/modelos-matematicos.pdf', 231, 1),
(156, 'https://www.youtube.com/watch?v=WqahumJGxNA', 232, 1),
(157, 'https://www.ubu.es/sites/default/files/portal_page/files/tema_1_exe_learning_plataforma_definitivo2.pdf', 233, 1),
(158, 'https://www.anmm.org.mx/bgmm/1864_2007/1996-132-2-183-203.pdf', 234, 1),
(159, 'https://www.youtube.com/watch?v=sBwDoh5uJyA', 235, 1),
(160, 'http://www.sinorg.uji.es/Docencia/QO/tema1QO.pdf', 236, 1),
(161, 'https://www.uv.es/marcof/Tema15.pdf', 237, 1),
(162, 'https://www.youtube.com/watch?v=ZjmmcgZsG40', 238, 1),
(163, 'https://es.scribd.com/document/482131442/TEMA-1-Parte-2-Cracking', 239, 1),
(164, 'http://tesis.uson.mx/digital/tesis/docs/4324/Capitulo3.pdf', 240, 1),
(165, 'https://www.youtube.com/watch?v=t2Sm3wE2RAM', 242, 1),
(166, 'https://repositorio.uchile.cl/bitstream/handle/2250/121386/Hidrogenacion.pdf?sequence=1&isAllowed=y', 243, 1),
(167, 'https://ocw.ehu.eus/pluginfile.php/43964/mod_resource/content/1/Tema_1_Introduccion_y_conceptos_generales_2.pdf', 244, 1),
(168, 'https://www.youtube.com/watch?v=u26RuwySx0g', 245, 1),
(169, 'https://ocw.unizar.es/ensenanzas-tecnicas/quimica-organica-para-ingenieros/temas/Tema13.Alquenos2.pdf', 246, 1),
(170, 'https://addi.ehu.es/bitstream/handle/10810/20184/TFG_VillarGimenoJoane.pdf;jsessionid=EC03D531CADAA1E62662F7413F001E1F?sequence=3', 247, 1),
(171, 'https://www.youtube.com/watch?v=okGr_NLoXA0', 248, 1),
(172, 'http://www.scielo.org.co/pdf/luaz/n40/n40a03.pdf', 249, 1),
(173, 'https://ipicyt.repositorioinstitucional.mx/jspui/bitstream/1010/624/3/TMIPICYTG8M42008.pdf', 250, 1),
(174, 'https://www.youtube.com/watch?v=St-py3zWBWs', 251, 1),
(175, 'http://investigacion.izt.uam.mx/aeroespacial/ocwquimorg109i/aromaticidadqo109i.pdf', 252, 1),
(176, 'https://tesis.ipn.mx/bitstream/handle/123456789/17180/25-1-16613.pdf', 253, 1),
(177, 'https://www.youtube.com/watch?v=rXBV6xejR0I', 254, 1),
(178, 'https://www.academia.edu/16495202/Nitracion', 255, 1),
(179, 'https://core.ac.uk/download/pdf/71005415.pdf', 256, 1),
(180, 'https://www.youtube.com/watch?v=0GHMX54mCGk', 257, 1),
(181, 'http://www.unl.edu.ar/ingreso/cursos/quimica/wp-content/uploads/sites/4/2016/09/quimica_20140911_07_anexo.pdf.pdf', 258, 1),
(182, 'https://www.uv.es/tunon/Master_Ing_Bio/tema_1.pdf', 259, 1),
(183, 'https://www.youtube.com/watch?v=c7Wa8KcqCzg', 260, 1),
(184, 'https://dcb.ingenieria.unam.mx/wp-content/themes/tempera-child/CoordinacionesAcademicas/FQ/TEM/PresentacionesT/LT_P09_Boyle-Mariotte.pdf', 261, 1),
(185, 'https://amyd.quimica.unam.mx/pluginfile.php/6198/mod_resource/content/2/Clase_8_LeyesEmpiricas.pdf', 262, 1),
(186, 'https://www.youtube.com/watch?v=OJ9_mgkwZAk', 263, 1),
(187, 'http://132.248.48.64/repositorio/moodle/pluginfile.php/1984/mod_resource/content/6/Contenido/index.html', 264, 1),
(188, 'http://www.cpel.uba.ar/images/Unidad_3_teorico_y_ejercitacion_prof_hector_fernandez_dunne_3_a%C3%B1o.PDF', 265, 1),
(189, 'https://www.youtube.com/watch?v=oQY0RLsV7-4', 266, 1),
(190, 'http://www.unl.edu.ar/ingreso/cursos/medicina/wp-content/uploads/sites/8/2017/10/Quimica_05.pdf', 267, 1),
(191, 'https://www.politecnicosanluis.cl/wp-content/uploads/2020/10/Guia-8-Quimica-2%C2%B0-Unidades-quimicas-de-concentracion-I.pdf', 268, 1),
(192, 'https://www.youtube.com/watch?v=TJJfUPCr8KQ', 269, 1),
(193, 'https://uft.cl/images/futuros_alumnos/profesores_orientadores/material-pedagogico/Guia_5_Soluciones.pdf', 270, 1),
(194, 'https://colegiosanalfonso.cl/wp-content/uploads/2020/05/TR4-SEGUNDO-QUIMICA.pdf', 271, 1),
(195, 'https://www.youtube.com/watch?v=ZBYaLvWvt1E', 272, 1),
(196, 'https://www.cac.es/cursomotivar/resources/document/2010/5.pdf', 273, 1),
(197, 'https://academia.utp.edu.co/quimica1/files/2016/02/COMPOSICI%C3%93N-PORCENTUAL-Y-F%C3%93RMULA-EMP%C3%8DRICA.pdf', 274, 1),
(198, 'https://www.youtube.com/watch?v=9YLe60mLy3c', 275, 1),
(199, 'https://ibero.mx/campus/publicaciones/quimanal/pdf/3calculoscomunes.pdf', 276, 1),
(200, 'https://www.mheducation.es/bcv/guide/capitulo/8448184491.pdf', 277, 1), 
(201, 'https://www.youtube.com/watch?v=DIrMXMRnHng', 278, 1),
(202, 'https://comie.org.mx/congreso/memoriaelectronica/v14/doc/2500.pdf', 279, 1),
(203, 'https://www.adayapress.com/wp-content/uploads/2018/04/20.pdf', 279, 1),
(204, 'https://www.youtube.com/watch?v=gUwsySYtweA', 280, 1),
(205, 'https://www.redalyc.org/pdf/2733/273320433004.pdf', 280, 1),
(206, 'https://www.ipn.mx/assets/files/cecyt11/docs/Guias/UAHumanisticas/Orientacion-educativa/orientacion-3.pdf', 281, 1),
(207, 'https://www.youtube.com/watch?v=ZVDJVMyK1cc', 282, 1),
(208, 'https://www.ipn.mx/assets/files/dri/docs/Convocatorias/CONVOCATORIA-MOV-INT-ENE-JUN-23.pdf', 282, 1),
(209, 'https://www.ipn.mx/informe-ipn-2022.pdf', 283, 1),
(210, 'https://www.youtube.com/watch?v=HNxdwIbdrN8', 284, 1),
(211, 'https://tesis.ipn.mx/bitstream/handle/123456789/1909/1359_2006_ESCA-ST_MAESTRIA_ruben_camarillo_olivo.pdf?sequence=1&isAllowed=y', 285, 1),
(212, 'https://www.redalyc.org/pdf/3606/360657469012.pdf', 286, 1),
(213, 'https://www.youtube.com/watch?v=SqQ-3UEU-RE', 286, 1),
(214, 'http://www.ciencias.uabjo.mx/media/19/2019/08/proyectodevida.pdf', 286, 1),
(215, 'https://es.scribd.com/document/403473395/PROYECTO-DE-VIDA-PROFESIONAL-docx#', 286, 1),
(216, 'https://www.youtube.com/watch?v=KsxHyj8SgTg', 286, 1),
(217, 'https://www.uv.mx/pozarica/caa-conta/files/2016/02/REGULAR-AND-IRREGULAR-VERBS.pdf', 287, 1),
(218, 'https://cursosonlineyempleos.com/pasado-perfecto-ingles/', 288, 1),
(219, 'https://www.youtube.com/watch?v=D59xkhLTlMA', 289, 1),
(220, 'https://englishforeveryone.org/PDFs/Modal%20Auxiliary%20verbs%20-%20Will%20and%20Would.pdf', 290, 1),
(221, 'http://kouprepschool.weebly.com/uploads/8/1/7/5/81754966/atg-worksheet-can-could.pdf', 291, 1),
(222, 'https://www.youtube.com/watch?v=Jty1dsqam8c', 292, 1),
(223, 'http://www.english-area.com/paginas/futuroperfecto.pdf', 293, 1),
(224, 'https://es.scribd.com/document/513771560/say-and-tell', 294, 1),
(225, 'https://www.youtube.com/watch?v=vO6iPtcsw-8', 295, 1),
(226, 'https://www.ingles.com/ejemplos/just%20in%20case?lang=en', 296, 1),
(227, 'https://www.allthingsgrammar.com/uploads/2/3/2/9/23290220/atg-worksheet-eitheror-neithernor.pdf', 297, 1),
(228, 'https://www.youtube.com/watch?v=_VaVuEmRMvQ', 298, 1),
(229, 'https://www.magister.es/grado/materiales5/Grado%20Semi%20Presencial/1%C2%AA%20Sesi%C3%B3n/Grados/Primaria%20desde%20PT%20o%20AL,%20Grupo%201%20(Inicio%20Marzo%202015)/English%20I/Material%20de%20clase4.%20English%20I.pdf', 299, 1),
(230, 'https://es.scribd.com/doc/268999956/Expresiones-de-Tiempo', 300, 1),
(231, 'https://www.youtube.com/watch?v=LbPXinjGp_w', 301, 1),
(232, 'http://iesarangurenavila.com/phocadownload/Departamentos/Ingles/EL+FUTURO.pdf', 302, 1),
(233, 'https://es.scribd.com/document/462596525/Coletillas-interrogativas-pdf', 303, 1),
(234, 'https://www.youtube.com/watch?v=6GObiPgb-q4', 304, 1), 
(236, 'https://agendaweb.org/verbs/do-does-worksheets-lessons.html', 305, 1),
(237, 'https://www.amigosingleses.com/vocabulario-ingles-adjetivos/', 306, 1),
(238, 'https://www.youtube.com/watch?v=d4bojlDqhCs', 307, 1),
(239, 'https://elblogdeidiomas.es/palabras-y-expresiones-romanticas-en-ingles/', 308, 1),
(240, 'https://fundeu.es/documentos/glosarioModaFundeuRAE.pdf', 309, 1),
(241, 'https://www.youtube.com/watch?v=OIkZXZxdvFI', 310, 1),
(242, 'https://www.blablacompany.es/dar-tu-opinion-en-ingles/', 311, 1),
(243, 'https://es.scribd.com/document/435586330/Cuando-Se-Utiliza-Need-Mas-Ing', 312, 1),
(244, 'https://www.youtube.com/watch?v=314JAJHuKfk', 313, 1),
(245, 'https://luis-vives.es/docs/aula-virtual/ingles/verbos_causativos.pdf', 314, 1),
(246, 'https://www.aprendeinglesenleganes.com/resources/do%20you%20mind%20%20would%20you%20mind.pdf', 315, 1),
(247, 'https://www.youtube.com/watch?v=nFPgwd_ThHw', 316, 1),
(248, 'https://englishlive.ef.com/es-es/blog/vocabulario-ingles/expresar-opinion-en-ingles/', 317, 1),
(249, 'https://elblogdeidiomas.es/vocabulario-atencion-al-cliente-en-ingles/', 318, 1),
(250, 'https://www.youtube.com/watch?v=lhf97H1goCE', 319, 1),
(251, 'https://www.udocz.com/apuntes/389803/lista-de-verbos-en-pasado-participio-ingles-pdf', 320, 1),
(252, 'https://www.educaguia.com/Apuntesde/ingles/GRAMATICA/INFINITIVOYGERUNDIO.pdf', 321, 1),
(253, 'https://www.youtube.com/watch?v=uKIT-E6ZFKo', 322, 1),
(254, 'https://sentipensandolaeducacion.files.wordpress.com/2016/08/unidad-14_gerundios-e-infinitivos.pdf', 323, 1),
(255, 'https://www.aprendeinglessila.com/2013/12/verbos-significado-gerundio-infinitivo/', 324, 1),
(256, 'https://www.youtube.com/watch?v=MwX7KtWi8rY', 325, 1),
(257, 'https://www.ringteacher.com/materiales-didacticos/vocabulario-ingles/delitos-ingles-vocabulario/', 326, 1),
(258, 'https://www.educaguia.com/Apuntesde/ingles/GRAMATICA/VERBOSMODALES.pdf', 327, 1),
(259, 'https://www.youtube.com/watch?v=1moKqoEmhWw', 328, 1),
(260, 'https://whatsup.es/blog/delitos-y-crimenes-en-ingles-vocabulario-judicial', 329, 1),
(261, 'https://www.3ciencias.com/wp-content/uploads/2018/10/Seguridad-inform%C3%A1tica.pdf', 330, 1),
(262, 'https://www.youtube.com/watch?v=FfTy6rbfCU0', 331, 1),
(263, 'https://core.ac.uk/download/pdf/29406798.pdf', 332, 1),
(264, 'https://adminunam.seguridad.unam.mx/2014/sites/adminunam.seguridad.unam.mx/files/Taller%20seguridad%20en%20aplicaciones%20web%20-%20%20AdminUNAM%202012.pdf', 333, 1),
(265, 'https://www.youtube.com/watch?v=5Nk-Td6QLVw', 334, 1),
(266, 'https://dspace.ups.edu.ec/bitstream/123456789/8185/1/Demostraci%C3%B3n%20de%20cifrado%20sim%C3%A9trico%20y%20asim%C3%A9trico.pdf', 335, 1),
(267, 'https://ocw.bib.upct.es/pluginfile.php/5310/mod_resource/content/1/MODOS_DE_OPERACION_CIFRADO_BLOQUES.pdf', 336, 1),
(268, 'https://www.youtube.com/watch?v=esYRRzzbX84', 337, 1),
(269, 'https://www.ucm.es/data/cont/docs/72-2016-11-10-2%20Comunicaciones%20seguras.pdf', 338, 1),
(270, 'http://sabia.tic.udc.es/docencia/ssi/old/2007-2008/docs/transparencias/[2008.04.04]%20-%2002%20-%20Criptografia%20[clave%20publica].pdf', 339, 1),
(271, 'https://www.youtube.com/watch?v=wDpqrasDmxM', 340, 1),
(272, 'https://ocw.bib.upct.es/pluginfile.php/5313/mod_resource/content/1/FUNCIONES_HASH.pdf', 341, 1),
(273, 'https://www.matem.unam.mx/~rajsbaum/cursos/web/presentacion_seguridad_1.pdf', 342, 1),
(274, 'https://www.youtube.com/watch?v=SIIqLgqRMCo', 343, 1),
(275, 'https://es.scribd.com/document/457535867/FIRMA-DIGITAL-CIBERSEGURIDAD-CAP-III-1', 344, 1),
(276, 'http://sedici.unlp.edu.ar/bitstream/handle/10915/21581/1927+-+Seguridad+de+aplicaciones+web+vulnerabilidades+en+los+controles+de+acceso.pdf?sequence=1', 345, 1),
(277, 'https://www.youtube.com/watch?v=QMxItT4ctZU', 346, 1),
(278, 'https://helpx.adobe.com/mx/acrobat/using/securing-pdfs-certificates.html', 347, 1),
(279, 'https://repositorio.tec.mx/bitstream/handle/11285/628363/CEM110971.pdf?sequence=1&isAllowed=y', 348, 1),
(280, 'https://www.youtube.com/watch?v=ntKVqR3laLo', 349, 1),
(281, 'https://oa.upm.es/1096/1/PFC_DANIEL_PLAZA_ESPI.pdf', 350, 1),
(282, 'http://di002.edv.uniovi.es/~fcano/sr/transparencias/transPgpMime.pdf', 351, 1),
(283, 'https://www.cs.upc.edu/~gabriel/files/DEA-es-0Portada.pdf', 352, 1),
(284, 'https://www.youtube.com/watch?v=mHpAJR7uN_U', 353, 1),
(285, 'http://delta.cs.cinvestav.mx/~gmorales/OwnSecurity/IPSec.pdf', 354, 1),
(286, 'https://www.aepd.es/sites/default/files/2019-11/guia-privacidad-y-seguridad-en-internet.pdf', 355, 1),
(287, 'https://www.youtube.com/watch?v=7gqsonvSRLI', 356, 1),
(288, 'https://www.digicert.com/resources/beginners-guide-to-tls-ssl-certificates-whitepaper-es-2019.pdf', 357, 1),
(289, 'https://e-archivo.uc3m.es/bitstream/handle/10016/20146/PFC_Luis_Asensio_Hidalgo.pdf?sequence=1&isAllowed=y', 358, 1),
(290, 'https://www.youtube.com/watch?v=xKDSfnWWnuA', 359, 1),
(291, 'http://newton.azc.uam.mx/mcc/02_ingles/11_tesis/tesis/terminada/Abraham%20Jimenez/08%20Cap2.-SNMP.pdf', 360, 1),
(292, 'https://www.redalyc.org/pdf/4026/402640447006.pdf', 361, 1),
(293, 'https://www.youtube.com/watch?v=nuPYFRlBM58', 362, 1),
(294, 'https://www.incibe.es/sites/default/files/contenidos/politicas/documentos/contrasenas.pdf', 363, 1),
(295, 'https://es.scribd.com/document/359570109/Software-Danino', 364, 1),
(296, 'https://www.youtube.com/watch?v=p9jhzpJJUEQ', 365, 1),
(297, 'https://www3.gobiernodecanarias.org/medusa/contenidosdigitales/FormacionTIC/cdtic2014/pdf/01ns_01.pdf', 366, 1),
(298, 'https://apen.es/newsletters/PDF/Firewall_Como%20funciona.pdf', 367, 1),
(299, 'https://www.youtube.com/watch?v=OsaOKS7Q-cE', 368, 1),
(300, 'https://hopelchen.tecnm.mx/principal/sylabus/fpdb/recursos/r115743.PDF', 369, 1),
(301, 'https://repository.uaeh.edu.mx/bitstream/bitstream/handle/123456789/16696/LECT128.pdf?sequence=1', 370, 1),
(302, 'https://www.youtube.com/watch?v=Y4Cvt6VLqd8', 370, 1),
(303, 'https://pirhua.udep.edu.pe/bitstream/handle/11042/3608/a4b0ad77f1523df19d7bf18e5abfa32fc05753d10214ab8ca8dfb41781951ee4.pdf?sequence=1&isAllowed=y', 370, 1),
(304, 'https://elvex.ugr.es/idbis/db/docs/design/2-requirements.pdf', 371, 1),
(305, 'https://www.youtube.com/watch?v=tF88eNhNSb4', 371, 1),
(306, 'https://repositorio.unicordoba.edu.co/bitstream/handle/ucordoba/735/Laboratorio%20de%20Innovacion%20Tecnologica%20Agropecuario%20ATILA.pdf?sequence=1&isAllowed=y', 372, 1),
(307, 'https://quantalab.ias.csic.es/docs-news/(3)Revista%20AET.pdf', 372, 1),
(308, 'https://www.youtube.com/watch?v=sfGe6ueTegQ', 372, 1),
(309, 'https://cursos.aiu.edu/Base%20de%20Datos/pdf/Tema%203.pdf', 373, 1),
(310, 'http://hp.fciencias.unam.mx/~alg/bd/er.pdf', 373, 1),
(311, 'https://www.youtube.com/watch?v=cqpDepWz9V4', 374, 1),
(312, 'https://www.uv.mx/personal/ermeneses/files/2018/02/Clase10-Diagramas_de_Actividadv2.pdf', 374, 1),
(313, 'https://www.itu.int/en/ITU-D/Technology/Documents/Events2016/CI_Training_AMS_Campinas_June16/Presentations/Part1/07_1%20Avaliacao%20de%20conformidade%20testes%20labs.pdf', 375, 1),
(314, 'https://www.youtube.com/watch?v=4NML5oNMBcc', 375, 1),
(315, 'https://cideteq.repositorioinstitucional.mx/jspui/bitstream/1021/134/1/Reporte%20Final%20Proyecto%2030027.pdf', 376, 1),
(316, 'http://www.lsi.us.es/~javierj/cursos_ficheros/02.SR.pdf', 377, 1),
(317, 'https://www.youtube.com/watch?v=yLX2BeWYg0A', 378, 1),
(318, 'https://oa.upm.es/40012/1/PFC_JOSE_MANUEL_SANCHEZ_PENO_3.pdf', 379, 1),
(319, 'http://www.ptolomeo.unam.mx:8080/xmlui/bitstream/handle/132.248.52.100/7627/Las%20pruebas%20en%20el%20desarrollo%20de%20software.pdf?sequence=1&isAllowed=y', 380, 1),
(320, 'https://www.youtube.com/watch?v=_LfWJasjQkk', 381, 1),
(321, 'http://di002.edv.uniovi.es/~fanjul/isofg/curso2006-2007/descargas/ISOFG-PRUv2006.pdf', 382, 1),
(322, 'https://core.ac.uk/download/pdf/288498329.pdf', 382, 1),
(323, 'https://www.youtube.com/watch?v=5WYFdp_wXZU', 382, 1),
(324, 'https://repository.icesi.edu.co/biblioteca_digital/bitstream/10906/4008/1/Control_calidad_software.pdf', 383, 1),
(325, 'http://www.scielo.org.co/pdf/entra/v13n1/1900-3803-entra-13-01-00236.pdf', 383, 1),
(326, 'https://www.youtube.com/watch?v=pO-Ayc8OlP0', 384, 1),
(327, 'http://fcqi.tij.uabc.mx/usuarios/luisgmo/data/8.2%20prb-cal-mant.pdf', 385, 1),
(328, 'https://www.uv.mx/personal/jfernandez/files/2010/07/Cap3-Caminos.pdf', 386, 1),
(329, 'https://www.youtube.com/watch?v=F0x2XVCaapk', 387, 1),
(330, 'http://zeus.inf.ucv.cl/~bcrawford/AULA_ICI_3242/17-Captulo_Roger_Pressman.pdf', 388, 1),
(331, 'http://bioinfo.uib.es/~joemiro/aenui/procJenui/Jen2005/loprue.pdf', 389, 1),
(332, 'https://www.youtube.com/watch?v=unupVqLwayA', 390, 1),
(333, 'https://www.uv.mx/personal/jfernandez/files/2010/07/Cap1-Significado.pdf', 391, 1),
(334, 'https://academica-e.unavarra.es/xmlui/bitstream/handle/2454/40278/TFE_Laura_Merino_Desarrollo%20de%20un%20Proceso%20de%20Validaci%C3%B3n%20y%20Verificaci%C3%B3n%20Software.pdf?sequence=1&isAllowed=y', 392, 1),
(335, 'https://www.youtube.com/watch?v=74sClDEYSQ4', 393, 1),
(336, 'http://catarina.udlap.mx/u_dl_a/tales/documentos/lis/macias_l_c/apendiceE.pdf', 394, 1),
(337, 'https://m.riunet.upv.es/bitstream/handle/10251/72843/KOSZEWSKI%20-%20Regression%20Testing%20Suite.pdf?sequence=1&isAllowed=y', 395, 1),
(338, 'https://www.youtube.com/watch?v=AYFJoV42GG8', 396, 1),
(339, 'https://cs.uns.edu.ar/~ece/ads/downloads/Clases/2019%2014%20AyDS%20-%20Documentacion%20de%20Arquitectura%20-%20Parte%203.pdf', 397, 1),
(340, 'https://repository.eafit.edu.co/bitstream/handle/10784/2744/RuizCalle_JuanDavid_2009.pdf?sequence=1&isAllowed', 398, 1),
(341, 'https://www.youtube.com/watch?v=ljMIThI6Z5Y', 399, 1),
(342, 'http://dccd.cua.uam.mx/libros/archivos/03IXStream_sistemas_distribuidos.pdf', 400, 1),
(343, 'https://cs.uns.edu.ar/~sd/data/apuntes/SD-2020-mod%2002.pdf', 400, 1),
(344, 'https://www.youtube.com/watch?v=M_M8T8G4Og8', 401, 1),
(345, 'https://www.researchgate.net/profile/Perla-Velasco-Elizondo/publication/281137715_Arquitectura_de_Software_Conceptos_y_Ciclo_de_Desarrollo/links/57144e1408aeebe07c0641ab/Arquitectura-de-Software-Conceptos-y-Ciclo-de-Desarrollo.pdf', 402, 1),
(346, 'https://www.infor.uva.es/~fdiaz/sd/2005_06/doc/SD_TE02_20060305.pdf', 403, 1),
(347, 'https://www.youtube.com/watch?v=izhXAPkgFB4', 404, 1),
(348, 'https://upcommons.upc.edu/bitstream/handle/2117/100918/LM01_R_ES.pdf', 405, 1),
(349, 'http://ocw.upm.es/pluginfile.php/1042/mod_label/intro/19-packages-o-paquetes.pdf', 406, 1),
(350, 'https://www.youtube.com/watch?v=4l-PEyc9R-c', 407, 1),
(351, 'https://carteleras.webcindario.com/Todo-SD.pdf', 408, 1),
(352, 'https://www.infor.uva.es/~fdiaz/sd/2005_06/doc/SD_TE01_20060227.pdf', 409, 1),
(353, 'https://www.youtube.com/watch?v=CnNRdJgeMo8', 410, 1),
(354, 'https://biblioteca.utb.edu.co/notas/tesis/0026243.pdf', 411, 1),
(355, 'https://www.feandalucia.ccoo.es/docu/p5sd7257.pdf', 412, 1),
(356, 'https://www.youtube.com/watch?v=NK2amhWHEtY', 413, 1),
(357, 'https://community.cisco.com/legacyfs/online/attachments/document/enrutamiento-conceptos_basicos.pdf', 414, 1),
(358, 'http://www.fdi.ucm.es/profesor/rubensm/asor/Trasparencias/Tema%201-%20Protocolo%20IPv6.pdf', 415, 1),
(359, 'https://www.youtube.com/watch?v=YAhK6fJyXXw', 416, 1),
(360, 'https://rua.ua.es/dspace/bitstream/10045/11606/1/Pr3-2009-10.pdf', 417, 1),
(361, 'https://carteleras.webcindario.com/tpr4-unlz.pdf', 418, 1),
(362, 'https://www.youtube.com/watch?v=3q2ENiVBAy8', 419, 1),
(363, 'https://blog.utp.edu.co/ee973/files/2012/04/capitulo09-ethernet.pdf', 420, 1),
(364, 'http://sopa.dis.ulpgc.es/ii-dso/leclinux/ipc/sockets/sockets.pdf', 421, 1),
(365, 'https://www.youtube.com/watch?v=4MSwQ9aIzq0', 422, 1),
(366, 'https://rua.ua.es/dspace/bitstream/10045/4328/1/Crespo_Candelas_TCP_IP.pdf', 423, 1),
(367, 'https://www.infor.uva.es/~cllamas/sd/temasPDF/IPC.pdf', 424, 1),
(368, 'https://www.youtube.com/watch?v=vs0ekUJ1rd8', 425, 1),
(369, 'https://www.tlm.unavarra.es/~daniel/docencia/tar/tar12_13/slides/Tema3-7-Multicast.pdf', 426, 1),
(370, 'https://cs.uns.edu.ar/~sd/data/apuntes/SD-2020-mod%2010.pdf', 427, 1),
(371, 'https://www.youtube.com/watch?v=6-lj7WOfJZc', 428, 1),
(372, 'https://www.tamps.cinvestav.mx/~vjsosa/clases/sd/RPC_notas.pdf', 429, 1),
(373, 'https://www.cartagena99.com/recursos/alumnos/apuntes/08_SD_Intro.pdf', 430, 1),
(374, 'https://www.youtube.com/watch?v=NpcYPXaZa7Q', 431, 1),
(375, 'https://rua.ua.es/dspace/bitstream/10045/46501/3/ci2_basico_2014-15_Navegadores.pdf', 432, 1),
(376, 'https://biblus.us.es/bibing/proyectos/abreproy/11214/fichero/TOMO+I%252F05+Capitulo+5+Protocolo+HTTP.pdf', 433, 1),
(377, 'https://www.youtube.com/watch?v=C2Yd0W1CR5U', 434, 1),
(378, 'https://developer.mozilla.org/en-US/docs/Web/API/Navigator/pdfViewerEnabled', 435, 1),
(379, 'https://oa.upm.es/49320/1/PFC_RAFAEL_CUBAS_MONTENEGRO.pdf', 435, 1),
(380, 'https://www.youtube.com/watch?v=Jqv6u8ec3fQ', 435, 1),
(381, 'https://raulexposito.com/assets/pdf/survivejs-react-es.pdf', 436, 1),
(382, 'https://www.riptutorial.com/Download/react-es.pdf', 436, 1),
(383, 'https://www.youtube.com/watch?v=NpcYPXaZa7Q', 437, 1),
(384, 'http://repositorio.utn.edu.ec/bitstream/123456789/624/3/CAPITULO%20IV.pdf', 437, 1),
(385, 'https://ccia.esei.uvigo.es/docencia/SCS/0910/transparencias/Tema4.pdf', 437, 1),
(386, 'https://www.youtube.com/watch?v=FQAQO90LoQU', 438, 1),
(387, 'https://discover.egafutura.com/use-la-api-rest-de-tableau-con-postman-para-disenar-integraciones-%EF%B8%8F/', 438, 1),
(388, 'https://www.bizkaia.eus/home2/archivos/DPTO4/Temas/Informatica%20en%20la%20nube.pdf?hash=034de30d8214c6e6c532c1eda86a616c', 439, 1),
(389, 'https://www.youtube.com/watch?v=rnaArRxrZr0', 439, 1),
(390, 'https://www.heroku.com/continuous-integration', 440, 1),
(391, 'https://riptutorial.com/Download/firebase-es.pdf', 441, 1),
(392, 'https://www.youtube.com/watch?v=p0j_EiKzpA4', 442, 1);

INSERT INTO MPersona values (1, 'USER DEFAULT', '', '', '2000-01-01', 1, 1, 1);